{"cameraMode":{"drawMode":0,"name":"Shaded","section":"Shading Mode"},"sceneLighting":true,"audioPlay":false,"sceneViewState":{"m_AlwaysRefresh":false,"showFog":true,"showSkybox":true,"showFlares":true,"showImageEffects":true,"showParticleSystems":true,"showVisualEffectGraphs":true,"m_FxEnabled":false},"in2DMode":false,"pivot":{"x":1.5522066354751588,"y":2.60420298576355,"z":1.4948536157608033},"rotation":{"x":0.6789066195487976,"y":0.012112701311707497,"z":-0.011203008703887463,"w":0.7340397834777832},"size":5.8069891929626469,"orthographic":true}